<?xml version="1.0" encoding="UTF-8" standalone="no"?> 
<!--
MIT License

Copyright (c) 2025 Digilent, Inc.

Permission is hereby granted, free of charge, to any person obtaining a copy
of this software and associated documentation files (the "Software"), to deal
in the Software without restriction, including without limitation the rights
to use, copy, modify, merge, publish, distribute, sublicense, and/or sell
copies of the Software, and to permit persons to whom the Software is
furnished to do so, subject to the following conditions:

The above copyright notice and this permission notice shall be included in all
copies or substantial portions of the Software.

THE SOFTWARE IS PROVIDED "AS IS", WITHOUT WARRANTY OF ANY KIND, EXPRESS OR
IMPLIED, INCLUDING BUT NOT LIMITED TO THE WARRANTIES OF MERCHANTABILITY,
FITNESS FOR A PARTICULAR PURPOSE AND NONINFRINGEMENT. IN NO EVENT SHALL THE
AUTHORS OR COPYRIGHT HOLDERS BE LIABLE FOR ANY CLAIM, DAMAGES OR OTHER
LIABILITY, WHETHER IN AN ACTION OF CONTRACT, TORT OR OTHERWISE, ARISING FROM,
OUT OF OR IN CONNECTION WITH THE SOFTWARE OR THE USE OR OTHER DEALINGS IN THE
SOFTWARE.
-->
<board schema_version="2.0" vendor="digilentinc.com" name="zedboard" display_name="Zedboard" url="https://reference.digilentinc.com/reference/programmable-logic/zedboard/start" preset_file="preset.xml">
  <images>
    <image name="zed_board.jpg" display_name="ZED BOARD" sub_type="board">
      <description>ZED Board File Image</description>
    </image>
  </images>
  <compatible_board_revisions>
    <revision id="0">D.3</revision>
  </compatible_board_revisions>
  <file_version>1.1</file_version>
  <description>ZedBoard Zynq Evaluation and Development Kit</description>
  <components>
    <component name="part0" display_name="ZedBoard" type="fpga" part_name="xc7z020clg484-1" pin_map_file="part0_pins.xml" vendor="xilinx" spec_url="https://reference.digilentinc.com/reference/programmable-logic/zedboard/start">
      <description>FPGA part on the board</description>
      <interfaces>
        <interface mode="master" name="btns_5bits" type="xilinx.com:interface:gpio_rtl:1.0" of_component="btns_5bits" preset_proc="btns_5bits_preset">
          <preferred_ips>
            <preferred_ip vendor="xilinx.com" library="ip" name="axi_gpio" order="0"/>
          </preferred_ips>
          <port_maps>
            <port_map logical_port="TRI_I" physical_port="btns_5bits_tri_i" dir="in" left="4" right="0"> 
              <pin_maps>
                <pin_map port_index="0" component_pin="btns_5bits_tri_i_0"/> 
                <pin_map port_index="1" component_pin="btns_5bits_tri_i_1"/> 
                <pin_map port_index="2" component_pin="btns_5bits_tri_i_2"/> 
                <pin_map port_index="3" component_pin="btns_5bits_tri_i_3"/> 
                <pin_map port_index="4" component_pin="btns_5bits_tri_i_4"/> 
              </pin_maps>
            </port_map>
          </port_maps>
        </interface>
        <interface mode="master" name="leds_8bits" type="xilinx.com:interface:gpio_rtl:1.0" of_component="leds_8bits" preset_proc="leds_8bits_preset">
          <preferred_ips>
            <preferred_ip vendor="xilinx.com" library="ip" name="axi_gpio" order="0"/>
          </preferred_ips>
          <port_maps>
            <port_map logical_port="TRI_O" physical_port="leds_8bits_tri_o" dir="out" left="7" right="0"> 
              <pin_maps>
                <pin_map port_index="0" component_pin="leds_8bits_tri_o_0"/> 
                <pin_map port_index="1" component_pin="leds_8bits_tri_o_1"/> 
                <pin_map port_index="2" component_pin="leds_8bits_tri_o_2"/> 
                <pin_map port_index="3" component_pin="leds_8bits_tri_o_3"/> 
                <pin_map port_index="4" component_pin="leds_8bits_tri_o_4"/> 
                <pin_map port_index="5" component_pin="leds_8bits_tri_o_5"/> 
                <pin_map port_index="6" component_pin="leds_8bits_tri_o_6"/> 
                <pin_map port_index="7" component_pin="leds_8bits_tri_o_7"/> 
              </pin_maps>
            </port_map>
          </port_maps>
        </interface>
        <interface mode="master" name="ps7_fixedio" type="xilinx.com:display_processing_system7:fixedio_rtl:1.0" of_component="ps7_fixedio" preset_proc="ps7_preset"> 
        </interface>
        <interface mode="master" name="sws_8bits" type="xilinx.com:interface:gpio_rtl:1.0" of_component="sws_8bits" preset_proc="sws_8bits_preset">
          <preferred_ips>
            <preferred_ip vendor="xilinx.com" library="ip" name="axi_gpio" order="0"/>
          </preferred_ips>
          <port_maps>
            <port_map logical_port="TRI_I" physical_port="sws_8bits_tri_i" dir="in" left="7" right="0"> 
              <pin_maps>
                <pin_map port_index="0" component_pin="sws_8bits_tri_i_0"/> 
                <pin_map port_index="1" component_pin="sws_8bits_tri_i_1"/> 
                <pin_map port_index="2" component_pin="sws_8bits_tri_i_2"/> 
                <pin_map port_index="3" component_pin="sws_8bits_tri_i_3"/> 
                <pin_map port_index="4" component_pin="sws_8bits_tri_i_4"/> 
                <pin_map port_index="5" component_pin="sws_8bits_tri_i_5"/> 
                <pin_map port_index="6" component_pin="sws_8bits_tri_i_6"/> 
                <pin_map port_index="7" component_pin="sws_8bits_tri_i_7"/> 
              </pin_maps>
            </port_map>
          </port_maps>
        </interface>
        <interface mode="slave" name="sys_clock" type="xilinx.com:signal:clock_rtl:1.0" of_component="sys_clock" preset_proc="sys_clock_preset">
          <preferred_ips>
            <preferred_ip vendor="xilinx.com" library="ip" name="clk_wiz" order="0"/>
          </preferred_ips>
          <port_maps>
            <port_map logical_port="CLK" physical_port="sys_clk" dir="in">
              <pin_maps>
                <pin_map port_index="0" component_pin="sys_clk"/> 
              </pin_maps>
            </port_map>
          </port_maps>
          <parameters>
            <parameter name="frequency" value="100000000" />
          </parameters>
        </interface>
		<interface mode="master" name="ja" type="digilentinc.com:interface:pmod_rtl:1.0" of_component="ja">
        <port_maps>
          <port_map logical_port="PIN1_I" physical_port="JA1" dir="in"> 
            <pin_maps>
              <pin_map port_index="0" component_pin="JA1"/> 
			</pin_maps>
		  </port_map>
		  <port_map logical_port="PIN1_O" physical_port="JA1" dir="out"> 
            <pin_maps>
              <pin_map port_index="0" component_pin="JA1"/> 
			</pin_maps>
		  </port_map>
		  <port_map logical_port="PIN1_T" physical_port="JA1" dir="out"> 
            <pin_maps>
              <pin_map port_index="0" component_pin="JA1"/> 
			</pin_maps>
		  </port_map>
		  <port_map logical_port="PIN2_I" physical_port="JA2" dir="in"> 
            <pin_maps>
              <pin_map port_index="0" component_pin="JA2"/> 
			</pin_maps>
		  </port_map>
		  <port_map logical_port="PIN2_O" physical_port="JA2" dir="out"> 
            <pin_maps>
              <pin_map port_index="0" component_pin="JA2"/> 
			</pin_maps>
		  </port_map>
		  <port_map logical_port="PIN2_T" physical_port="JA2" dir="out"> 
            <pin_maps>
              <pin_map port_index="0" component_pin="JA2"/> 
			</pin_maps>
		  </port_map>
		  <port_map logical_port="PIN3_I" physical_port="JA3" dir="in"> 
            <pin_maps>
              <pin_map port_index="0" component_pin="JA3"/> 
			</pin_maps>
		  </port_map>
		  <port_map logical_port="PIN3_O" physical_port="JA3" dir="out"> 
            <pin_maps>
              <pin_map port_index="0" component_pin="JA3"/> 
			</pin_maps>
		  </port_map>
		  <port_map logical_port="PIN3_T" physical_port="JA3" dir="out"> 
            <pin_maps>
              <pin_map port_index="0" component_pin="JA3"/> 
			</pin_maps>
		  </port_map>
		  <port_map logical_port="PIN4_I" physical_port="JA4" dir="in"> 
            <pin_maps>
              <pin_map port_index="0" component_pin="JA4"/> 
			</pin_maps>
		  </port_map>
		  <port_map logical_port="PIN4_O" physical_port="JA4" dir="out"> 
            <pin_maps>
              <pin_map port_index="0" component_pin="JA4"/> 
			</pin_maps>
		  </port_map>
		  <port_map logical_port="PIN4_T" physical_port="JA4" dir="out"> 
            <pin_maps>
              <pin_map port_index="0" component_pin="JA4"/> 
			</pin_maps>
		  </port_map>
		  <port_map logical_port="PIN7_I" physical_port="JA7" dir="in"> 
            <pin_maps>
              <pin_map port_index="0" component_pin="JA7"/> 
			</pin_maps>
		  </port_map>
		  <port_map logical_port="PIN7_O" physical_port="JA7" dir="out"> 
            <pin_maps>
              <pin_map port_index="0" component_pin="JA7"/> 
			</pin_maps>
		  </port_map>
		  <port_map logical_port="PIN7_T" physical_port="JA7" dir="out"> 
            <pin_maps>
              <pin_map port_index="0" component_pin="JA7"/> 
			</pin_maps>
		  </port_map>
		  <port_map logical_port="PIN8_I" physical_port="JA8" dir="in"> 
            <pin_maps>
              <pin_map port_index="0" component_pin="JA8"/> 
			</pin_maps>
		  </port_map>
		  <port_map logical_port="PIN8_O" physical_port="JA8" dir="out"> 
            <pin_maps>
              <pin_map port_index="0" component_pin="JA8"/> 
			</pin_maps>
		  </port_map>
		  <port_map logical_port="PIN8_T" physical_port="JA8" dir="out"> 
            <pin_maps>
              <pin_map port_index="0" component_pin="JA8"/> 
			</pin_maps>
		  </port_map>
		  <port_map logical_port="PIN9_I" physical_port="JA9" dir="in"> 
            <pin_maps>
              <pin_map port_index="0" component_pin="JA9"/> 
			</pin_maps>
		  </port_map>
		  <port_map logical_port="PIN9_O" physical_port="JA9" dir="out"> 
            <pin_maps>
              <pin_map port_index="0" component_pin="JA9"/> 
			</pin_maps>
		  </port_map>
		  <port_map logical_port="PIN9_T" physical_port="JA9" dir="out"> 
            <pin_maps>
              <pin_map port_index="0" component_pin="JA9"/> 
			</pin_maps>
		  </port_map>
		  <port_map logical_port="PIN10_I" physical_port="JA10" dir="in"> 
            <pin_maps>
              <pin_map port_index="0" component_pin="JA10"/> 
			</pin_maps>
		  </port_map>
		  <port_map logical_port="PIN10_O" physical_port="JA10" dir="out"> 
            <pin_maps>
              <pin_map port_index="0" component_pin="JA10"/> 
			</pin_maps>
		  </port_map>
		  <port_map logical_port="PIN10_T" physical_port="JA10" dir="out"> 
            <pin_maps>
              <pin_map port_index="0" component_pin="JA10"/> 
			</pin_maps>
		  </port_map>
        </port_maps>
      </interface>
	  <interface mode="master" name="jb" type="digilentinc.com:interface:pmod_rtl:1.0" of_component="jb">
        <port_maps>
          <port_map logical_port="PIN1_I" physical_port="JB1" dir="in"> 
            <pin_maps>
              <pin_map port_index="0" component_pin="JB1"/> 
			</pin_maps>
		  </port_map>
		  <port_map logical_port="PIN1_O" physical_port="JB1" dir="out"> 
            <pin_maps>
              <pin_map port_index="0" component_pin="JB1"/> 
			</pin_maps>
		  </port_map>
		  <port_map logical_port="PIN1_T" physical_port="JB1" dir="out"> 
            <pin_maps>
              <pin_map port_index="0" component_pin="JB1"/> 
			</pin_maps>
		  </port_map>
		  <port_map logical_port="PIN2_I" physical_port="JB2" dir="in"> 
            <pin_maps>
              <pin_map port_index="0" component_pin="JB2"/> 
			</pin_maps>
		  </port_map>
		  <port_map logical_port="PIN2_O" physical_port="JB2" dir="out"> 
            <pin_maps>
              <pin_map port_index="0" component_pin="JB2"/> 
			</pin_maps>
		  </port_map>
		  <port_map logical_port="PIN2_T" physical_port="JB2" dir="out"> 
            <pin_maps>
              <pin_map port_index="0" component_pin="JB2"/> 
			</pin_maps>
		  </port_map>
		  <port_map logical_port="PIN3_I" physical_port="JB3" dir="in"> 
            <pin_maps>
              <pin_map port_index="0" component_pin="JB3"/> 
			</pin_maps>
		  </port_map>
		  <port_map logical_port="PIN3_O" physical_port="JB3" dir="out"> 
            <pin_maps>
              <pin_map port_index="0" component_pin="JB3"/> 
			</pin_maps>
		  </port_map>
		  <port_map logical_port="PIN3_T" physical_port="JB3" dir="out"> 
            <pin_maps>
              <pin_map port_index="0" component_pin="JB3"/> 
			</pin_maps>
		  </port_map>
		  <port_map logical_port="PIN4_I" physical_port="JB4" dir="in"> 
            <pin_maps>
              <pin_map port_index="0" component_pin="JB4"/> 
			</pin_maps>
		  </port_map>
		  <port_map logical_port="PIN4_O" physical_port="JB4" dir="out"> 
            <pin_maps>
              <pin_map port_index="0" component_pin="JB4"/> 
			</pin_maps>
		  </port_map>
		  <port_map logical_port="PIN4_T" physical_port="JB4" dir="out"> 
            <pin_maps>
              <pin_map port_index="0" component_pin="JB4"/> 
			</pin_maps>
		  </port_map>
		  <port_map logical_port="PIN7_I" physical_port="JB7" dir="in"> 
            <pin_maps>
              <pin_map port_index="0" component_pin="JB7"/> 
			</pin_maps>
		  </port_map>
		  <port_map logical_port="PIN7_O" physical_port="JB7" dir="out"> 
            <pin_maps>
              <pin_map port_index="0" component_pin="JB7"/> 
			</pin_maps>
		  </port_map>
		  <port_map logical_port="PIN7_T" physical_port="JB7" dir="out"> 
            <pin_maps>
              <pin_map port_index="0" component_pin="JB7"/> 
			</pin_maps>
		  </port_map>
		  <port_map logical_port="PIN8_I" physical_port="JB8" dir="in"> 
            <pin_maps>
              <pin_map port_index="0" component_pin="JB8"/> 
			</pin_maps>
		  </port_map>
		  <port_map logical_port="PIN8_O" physical_port="JB8" dir="out"> 
            <pin_maps>
              <pin_map port_index="0" component_pin="JB8"/> 
			</pin_maps>
		  </port_map>
		  <port_map logical_port="PIN8_T" physical_port="JB8" dir="out"> 
            <pin_maps>
              <pin_map port_index="0" component_pin="JB8"/> 
			</pin_maps>
		  </port_map>
		  <port_map logical_port="PIN9_I" physical_port="JB9" dir="in"> 
            <pin_maps>
              <pin_map port_index="0" component_pin="JB9"/> 
			</pin_maps>
		  </port_map>
		  <port_map logical_port="PIN9_O" physical_port="JB9" dir="out"> 
            <pin_maps>
              <pin_map port_index="0" component_pin="JB9"/> 
			</pin_maps>
		  </port_map>
		  <port_map logical_port="PIN9_T" physical_port="JB9" dir="out"> 
            <pin_maps>
              <pin_map port_index="0" component_pin="JB9"/> 
			</pin_maps>
		  </port_map>
		  <port_map logical_port="PIN10_I" physical_port="JB10" dir="in"> 
            <pin_maps>
              <pin_map port_index="0" component_pin="JB10"/> 
			</pin_maps>
		  </port_map>
		  <port_map logical_port="PIN10_O" physical_port="JB10" dir="out"> 
            <pin_maps>
              <pin_map port_index="0" component_pin="JB10"/> 
			</pin_maps>
		  </port_map>
		  <port_map logical_port="PIN10_T" physical_port="JB10" dir="out"> 
            <pin_maps>
              <pin_map port_index="0" component_pin="JB10"/> 
			</pin_maps>
		  </port_map>
        </port_maps>
      </interface>
	  <interface mode="master" name="jc" type="digilentinc.com:interface:pmod_rtl:1.0" of_component="jc">
        <port_maps>
          <port_map logical_port="PIN1_I" physical_port="JC1" dir="in"> 
            <pin_maps>
              <pin_map port_index="0" component_pin="JC1"/> 
			</pin_maps>
		  </port_map>
		  <port_map logical_port="PIN1_O" physical_port="JC1" dir="out"> 
            <pin_maps>
              <pin_map port_index="0" component_pin="JC1"/> 
			</pin_maps>
		  </port_map>
		  <port_map logical_port="PIN1_T" physical_port="JC1" dir="out"> 
            <pin_maps>
              <pin_map port_index="0" component_pin="JC1"/> 
			</pin_maps>
		  </port_map>
		  <port_map logical_port="PIN2_I" physical_port="JC2" dir="in"> 
            <pin_maps>
              <pin_map port_index="0" component_pin="JC2"/> 
			</pin_maps>
		  </port_map>
		  <port_map logical_port="PIN2_O" physical_port="JC2" dir="out"> 
            <pin_maps>
              <pin_map port_index="0" component_pin="JC2"/> 
			</pin_maps>
		  </port_map>
		  <port_map logical_port="PIN2_T" physical_port="JC2" dir="out"> 
            <pin_maps>
              <pin_map port_index="0" component_pin="JC2"/> 
			</pin_maps>
		  </port_map>
		  <port_map logical_port="PIN3_I" physical_port="JC3" dir="in"> 
            <pin_maps>
              <pin_map port_index="0" component_pin="JC3"/> 
			</pin_maps>
		  </port_map>
		  <port_map logical_port="PIN3_O" physical_port="JC3" dir="out"> 
            <pin_maps>
              <pin_map port_index="0" component_pin="JC3"/> 
			</pin_maps>
		  </port_map>
		  <port_map logical_port="PIN3_T" physical_port="JC3" dir="out"> 
            <pin_maps>
              <pin_map port_index="0" component_pin="JC3"/> 
			</pin_maps>
		  </port_map>
		  <port_map logical_port="PIN4_I" physical_port="JC4" dir="in"> 
            <pin_maps>
              <pin_map port_index="0" component_pin="JC4"/> 
			</pin_maps>
		  </port_map>
		  <port_map logical_port="PIN4_O" physical_port="JC4" dir="out"> 
            <pin_maps>
              <pin_map port_index="0" component_pin="JC4"/> 
			</pin_maps>
		  </port_map>
		  <port_map logical_port="PIN4_T" physical_port="JC4" dir="out"> 
            <pin_maps>
              <pin_map port_index="0" component_pin="JC4"/> 
			</pin_maps>
		  </port_map>
		  <port_map logical_port="PIN7_I" physical_port="JC7" dir="in"> 
            <pin_maps>
              <pin_map port_index="0" component_pin="JC7"/> 
			</pin_maps>
		  </port_map>
		  <port_map logical_port="PIN7_O" physical_port="JC7" dir="out"> 
            <pin_maps>
              <pin_map port_index="0" component_pin="JC7"/> 
			</pin_maps>
		  </port_map>
		  <port_map logical_port="PIN7_T" physical_port="JC7" dir="out"> 
            <pin_maps>
              <pin_map port_index="0" component_pin="JC7"/> 
			</pin_maps>
		  </port_map>
		  <port_map logical_port="PIN8_I" physical_port="JC8" dir="in"> 
            <pin_maps>
              <pin_map port_index="0" component_pin="JC8"/> 
			</pin_maps>
		  </port_map>
		  <port_map logical_port="PIN8_O" physical_port="JC8" dir="out"> 
            <pin_maps>
              <pin_map port_index="0" component_pin="JC8"/> 
			</pin_maps>
		  </port_map>
		  <port_map logical_port="PIN8_T" physical_port="JC8" dir="out"> 
            <pin_maps>
              <pin_map port_index="0" component_pin="JC8"/> 
			</pin_maps>
		  </port_map>
		  <port_map logical_port="PIN9_I" physical_port="JC9" dir="in"> 
            <pin_maps>
              <pin_map port_index="0" component_pin="JC9"/> 
			</pin_maps>
		  </port_map>
		  <port_map logical_port="PIN9_O" physical_port="JC9" dir="out"> 
            <pin_maps>
              <pin_map port_index="0" component_pin="JC9"/> 
			</pin_maps>
		  </port_map>
		  <port_map logical_port="PIN9_T" physical_port="JC9" dir="out"> 
            <pin_maps>
              <pin_map port_index="0" component_pin="JC9"/> 
			</pin_maps>
		  </port_map>
		  <port_map logical_port="PIN10_I" physical_port="JC10" dir="in"> 
            <pin_maps>
              <pin_map port_index="0" component_pin="JC10"/> 
			</pin_maps>
		  </port_map>
		  <port_map logical_port="PIN10_O" physical_port="JC10" dir="out"> 
            <pin_maps>
              <pin_map port_index="0" component_pin="JC10"/> 
			</pin_maps>
		  </port_map>
		  <port_map logical_port="PIN10_T" physical_port="JC10" dir="out"> 
            <pin_maps>
              <pin_map port_index="0" component_pin="JC10"/> 
			</pin_maps>
		  </port_map>
        </port_maps>
      </interface>
	  <interface mode="master" name="jd" type="digilentinc.com:interface:pmod_rtl:1.0" of_component="jd">
        <port_maps>
          <port_map logical_port="PIN1_I" physical_port="JD1" dir="in"> 
            <pin_maps>
              <pin_map port_index="0" component_pin="JD1"/> 
			</pin_maps>
		  </port_map>
		  <port_map logical_port="PIN1_O" physical_port="JD1" dir="out"> 
            <pin_maps>
              <pin_map port_index="0" component_pin="JD1"/> 
			</pin_maps>
		  </port_map>
		  <port_map logical_port="PIN1_T" physical_port="JD1" dir="out"> 
            <pin_maps>
              <pin_map port_index="0" component_pin="JD1"/> 
			</pin_maps>
		  </port_map>
		  <port_map logical_port="PIN2_I" physical_port="JD2" dir="in"> 
            <pin_maps>
              <pin_map port_index="0" component_pin="JD2"/> 
			</pin_maps>
		  </port_map>
		  <port_map logical_port="PIN2_O" physical_port="JD2" dir="out"> 
            <pin_maps>
              <pin_map port_index="0" component_pin="JD2"/> 
			</pin_maps>
		  </port_map>
		  <port_map logical_port="PIN2_T" physical_port="JD2" dir="out"> 
            <pin_maps>
              <pin_map port_index="0" component_pin="JD2"/> 
			</pin_maps>
		  </port_map>
		  <port_map logical_port="PIN3_I" physical_port="JD3" dir="in"> 
            <pin_maps>
              <pin_map port_index="0" component_pin="JD3"/> 
			</pin_maps>
		  </port_map>
		  <port_map logical_port="PIN3_O" physical_port="JD3" dir="out"> 
            <pin_maps>
              <pin_map port_index="0" component_pin="JD3"/> 
			</pin_maps>
		  </port_map>
		  <port_map logical_port="PIN3_T" physical_port="JD3" dir="out"> 
            <pin_maps>
              <pin_map port_index="0" component_pin="JD3"/> 
			</pin_maps>
		  </port_map>
		  <port_map logical_port="PIN4_I" physical_port="JD4" dir="in"> 
            <pin_maps>
              <pin_map port_index="0" component_pin="JD4"/> 
			</pin_maps>
		  </port_map>
		  <port_map logical_port="PIN4_O" physical_port="JD4" dir="out"> 
            <pin_maps>
              <pin_map port_index="0" component_pin="JD4"/> 
			</pin_maps>
		  </port_map>
		  <port_map logical_port="PIN4_T" physical_port="JD4" dir="out"> 
            <pin_maps>
              <pin_map port_index="0" component_pin="JD4"/> 
			</pin_maps>
		  </port_map>
		  <port_map logical_port="PIN7_I" physical_port="JD7" dir="in"> 
            <pin_maps>
              <pin_map port_index="0" component_pin="JD7"/> 
			</pin_maps>
		  </port_map>
		  <port_map logical_port="PIN7_O" physical_port="JD7" dir="out"> 
            <pin_maps>
              <pin_map port_index="0" component_pin="JD7"/> 
			</pin_maps>
		  </port_map>
		  <port_map logical_port="PIN7_T" physical_port="JD7" dir="out"> 
            <pin_maps>
              <pin_map port_index="0" component_pin="JD7"/> 
			</pin_maps>
		  </port_map>
		  <port_map logical_port="PIN8_I" physical_port="JD8" dir="in"> 
            <pin_maps>
              <pin_map port_index="0" component_pin="JD8"/> 
			</pin_maps>
		  </port_map>
		  <port_map logical_port="PIN8_O" physical_port="JD8" dir="out"> 
            <pin_maps>
              <pin_map port_index="0" component_pin="JD8"/> 
			</pin_maps>
		  </port_map>
		  <port_map logical_port="PIN8_T" physical_port="JD8" dir="out"> 
            <pin_maps>
              <pin_map port_index="0" component_pin="JD8"/> 
			</pin_maps>
		  </port_map>
		  <port_map logical_port="PIN9_I" physical_port="JD9" dir="in"> 
            <pin_maps>
              <pin_map port_index="0" component_pin="JD9"/> 
			</pin_maps>
		  </port_map>
		  <port_map logical_port="PIN9_O" physical_port="JD9" dir="out"> 
            <pin_maps>
              <pin_map port_index="0" component_pin="JD9"/> 
			</pin_maps>
		  </port_map>
		  <port_map logical_port="PIN9_T" physical_port="JD9" dir="out"> 
            <pin_maps>
              <pin_map port_index="0" component_pin="JD9"/> 
			</pin_maps>
		  </port_map>
		  <port_map logical_port="PIN10_I" physical_port="JD10" dir="in"> 
            <pin_maps>
              <pin_map port_index="0" component_pin="JD10"/> 
			</pin_maps>
		  </port_map>
		  <port_map logical_port="PIN10_O" physical_port="JD10" dir="out"> 
            <pin_maps>
              <pin_map port_index="0" component_pin="JD10"/> 
			</pin_maps>
		  </port_map>
		  <port_map logical_port="PIN10_T" physical_port="JD10" dir="out"> 
            <pin_maps>
              <pin_map port_index="0" component_pin="JD10"/> 
			</pin_maps>
		  </port_map>
        </port_maps>
      </interface>
	  <interface mode="master" name="oled" type="digilentinc.com:interface:pmod_rtl:1.0" of_component="oled" preset_proc="oled_preset">
       <preferred_ips>
			<preferred_ip vendor="digilentinc.com" library="ip" name="PmodOLED" order="0"/>
			<preferred_ip vendor="digilentinc.com" library="ip" name="pmod_bridge" order="1"/>
		</preferred_ips>
		<port_maps>
		  <port_map logical_port="PIN2_I" physical_port="OLED2" dir="in"> 
            <pin_maps>
              <pin_map port_index="0" component_pin="OLED2"/> 
			</pin_maps>
		  </port_map>
		  <port_map logical_port="PIN2_O" physical_port="OLED2" dir="out"> 
            <pin_maps>
              <pin_map port_index="0" component_pin="OLED2"/> 
			</pin_maps>
		  </port_map>
		  <port_map logical_port="PIN2_T" physical_port="OLED2" dir="out"> 
            <pin_maps>
              <pin_map port_index="0" component_pin="OLED2"/> 
			</pin_maps>
		  </port_map>
		  <port_map logical_port="PIN4_I" physical_port="OLED4" dir="in"> 
            <pin_maps>
              <pin_map port_index="0" component_pin="OLED4"/> 
			</pin_maps>
		  </port_map>
		  <port_map logical_port="PIN4_O" physical_port="OLED4" dir="out"> 
            <pin_maps>
              <pin_map port_index="0" component_pin="OLED4"/> 
			</pin_maps>
		  </port_map>
		  <port_map logical_port="PIN4_T" physical_port="OLED4" dir="out"> 
            <pin_maps>
              <pin_map port_index="0" component_pin="OLED4"/> 
			</pin_maps>
		  </port_map>
		  <port_map logical_port="PIN7_I" physical_port="OLED7" dir="in"> 
            <pin_maps>
              <pin_map port_index="0" component_pin="OLED7"/> 
			</pin_maps>
		  </port_map>
		  <port_map logical_port="PIN7_O" physical_port="OLED7" dir="out"> 
            <pin_maps>
              <pin_map port_index="0" component_pin="OLED7"/> 
			</pin_maps>
		  </port_map>
		  <port_map logical_port="PIN7_T" physical_port="OLED7" dir="out"> 
            <pin_maps>
              <pin_map port_index="0" component_pin="OLED7"/> 
			</pin_maps>
		  </port_map>
		  <port_map logical_port="PIN8_I" physical_port="OLED8" dir="in"> 
            <pin_maps>
              <pin_map port_index="0" component_pin="OLED8"/> 
			</pin_maps>
		  </port_map>
		  <port_map logical_port="PIN8_O" physical_port="OLED8" dir="out"> 
            <pin_maps>
              <pin_map port_index="0" component_pin="OLED8"/> 
			</pin_maps>
		  </port_map>
		  <port_map logical_port="PIN8_T" physical_port="OLED8" dir="out"> 
            <pin_maps>
              <pin_map port_index="0" component_pin="OLED8"/> 
			</pin_maps>
		  </port_map>
		  <port_map logical_port="PIN9_I" physical_port="OLED9" dir="in"> 
            <pin_maps>
              <pin_map port_index="0" component_pin="OLED9"/> 
			</pin_maps>
		  </port_map>
		  <port_map logical_port="PIN9_O" physical_port="OLED9" dir="out"> 
            <pin_maps>
              <pin_map port_index="0" component_pin="OLED9"/> 
			</pin_maps>
		  </port_map>
		  <port_map logical_port="PIN9_T" physical_port="OLED9" dir="out"> 
            <pin_maps>
              <pin_map port_index="0" component_pin="OLED9"/> 
			</pin_maps>
		  </port_map>
		  <port_map logical_port="PIN10_I" physical_port="OLED10" dir="in"> 
            <pin_maps>
              <pin_map port_index="0" component_pin="OLED10"/> 
			</pin_maps>
		  </port_map>
		  <port_map logical_port="PIN10_O" physical_port="OLED10" dir="out"> 
            <pin_maps>
              <pin_map port_index="0" component_pin="OLED10"/> 
			</pin_maps>
		  </port_map>
		  <port_map logical_port="PIN10_T" physical_port="OLED10" dir="out"> 
            <pin_maps>
              <pin_map port_index="0" component_pin="OLED10"/> 
			</pin_maps>
		  </port_map>
        </port_maps>
      </interface>
	  <interface mode="master" name="usb_uart" type="xilinx.com:interface:uart_rtl:1.0" of_component="usb_uart" preset_proc="uart_preset">
        <port_maps>
          <port_map logical_port="TxD" physical_port="usb_uart_txd" dir="in">
            <pin_maps>
              <pin_map port_index="0" component_pin="usb_uart_txd"/> 
            </pin_maps>
          </port_map>
          <port_map logical_port="RxD" physical_port="usb_uart_rxd" dir="out">
            <pin_maps>
              <pin_map port_index="0" component_pin="usb_uart_rxd"/> 
            </pin_maps>
          </port_map>
        </port_maps>
      </interface>
      </interfaces>
    </component>
    <component name="btns_5bits" display_name="Push buttons" type="chip" sub_type="push_button" major_group="General Purpose Input or Output">
      <description>Push Buttons, U R L D C, Active High</description>
    </component>
    <component name="leds_8bits" display_name="LED" type="chip" sub_type="led" major_group="General Purpose Input or Output">
      <description>LEDs, 7 to 0, Active High</description>
    </component>
    <component name="ps7_fixedio" display_name="PS7 fixed IO" type="chip" sub_type="fixed_io" major_group=""/>
    <component name="sws_8bits" display_name="DIP switches" type="chip" sub_type="switch" major_group="General Purpose Input or Output">
      <description>DIP Switches, 7 to 0</description>
    </component>
    <component name="sys_clock" display_name="System clock" type="chip" sub_type="system_clock" major_group="Clock Sources">
      <description>System Clock, 100 MHz</description>
    </component>
	<component name="ja" display_name="Connector JA" type="chip" sub_type="chip" major_group="Pmod">
	  <description>Pmod Connector JA</description>
    </component>
    <component name="jb" display_name="Connector JB" type="chip" sub_type="chip" major_group="Pmod">
	  <description>Pmod Connector JB</description>
    </component>
    <component name="jc" display_name="Connector JC" type="chip" sub_type="chip" major_group="Pmod">
	  <description>Pmod Connector JC</description>
    </component>
    <component name="jd" display_name="Connector JD" type="chip" sub_type="chip" major_group="Pmod">
	  <description>Pmod Connector JD</description>
    </component>
    <component name="je" display_name="Connector JE" type="chip" sub_type="chip" major_group="Pmod">
	  <description>Pmod Connector JE</description>
    </component>
	<component name="oled" display_name="Onboard OLED" type="chip" sub_type="chip" major_group="GPIO">
    <component_modes>
  	<component_mode name="apmodoled" display_name="Digilent PmodOLED IP">
  	  <interfaces>
  	  	<interface name="oled"/>
  	    </interfaces>
  	    <preferred_ips>
  	  		<preferred_ip vendor="digilentinc.com" library="ip" name="PmodOLED" order="0"/>
  	    </preferred_ips>
  	</component_mode>
  	  <component_mode name="bpmodbridge" display_name="Pmod Bridge (Custom SPI/GPIO)">
  	    <interfaces>
  	  	<interface name="oled"/>
  	    </interfaces>
  	    <preferred_ips>
  	  	  <preferred_ip vendor="digilentinc.com" library="ip" name="pmod_bridge" order="0"/>
  	    </preferred_ips>
  	  </component_mode>
    </component_modes>    
  	<description>Onboard OLED (DISP1)</description>
    </component>
	<component name="usb_uart" display_name="USB UART" type="chip" sub_type="uart" major_group="UART">
	  <description>USB-to-UART Bridge, which allows a connection to a host computer with a USB port</description>
    </component>
  </components>
  <jtag_chains>
    <jtag_chain name="chain1">
      <position name="0" component="part0"/>
    </jtag_chain>
  </jtag_chains>
  <connections>
    <connection name="part0_btns_5bits" component1="part0" component2="btns_5bits">
      <connection_map name="part0_btns_5bits_1" c1_st_index="0" c1_end_index="4" c2_st_index="0" c2_end_index="4"/>
    </connection>
    <connection name="part0_leds_8bits" component1="part0" component2="leds_8bits">
      <connection_map name="part0_leds_8bits_1" c1_st_index="5" c1_end_index="12" c2_st_index="0" c2_end_index="7"/>
    </connection>
    <connection name="part0_sws_8bits" component1="part0" component2="sws_8bits">
      <connection_map name="part0_sws_8bits_1" c1_st_index="13" c1_end_index="20" c2_st_index="0" c2_end_index="7"/>
    </connection>
    <connection name="part0_sys_clock" component1="part0" component2="sys_clock">
      <connection_map name="part0_sys_clock_1" c1_st_index="21" c1_end_index="21" c2_st_index="0" c2_end_index="0"/>
    </connection>
	<connection name="part0_ja" component1="part0" component2="ja">
    <connection_map name="part0_ja_1" c1_st_index="38" c1_end_index="45" c2_st_index="0" c2_end_index="7"/>
    </connection>
    <connection name="part0_jb" component1="part0" component2="jb">
    <connection_map name="part0_jb_1" c1_st_index="22" c1_end_index="29" c2_st_index="0" c2_end_index="7"/>
    </connection>
    <connection name="part0_jc" component1="part0" component2="jc">
    <connection_map name="part0_jc_1" c1_st_index="30" c1_end_index="37" c2_st_index="0" c2_end_index="7"/>
    </connection>
    <connection name="part0_jd" component1="part0" component2="jd">
    <connection_map name="part0_jd_1" c1_st_index="46" c1_end_index="53" c2_st_index="0" c2_end_index="7"/>
    </connection>
    <connection name="part0_oled" component1="part0" component2="oled">
    <connection_map name="part0_oled_1" c1_st_index="54" c1_end_index="59" c2_st_index="0" c2_end_index="5"/>
    </connection>
	<connection name="part0_usb_uart" component1="part0" component2="usb_uart">
    <connection_map name="part0_usb_uart_1" c1_st_index="60" c1_end_index="61" c2_st_index="0" c2_end_index="1"/>
    </connection>
  </connections>
</board>
